dataSet,num_nodes,num_edges
Si41Ge41H72,185639,15011265
Ga41As41H72,268096,18488476
cop20k_A,121192,2624331
mip1,66463,10352819
consph,83334,6010480
mac_econ_fwd500,206500,1273389
webbase-1M,1000005,3105536
dc2,116835,766396
rma10,46835,2374001
scircuit,170998,958936
pwtk,217918,11634424
ASIC_680k,682862,3871773
cant,62451,4007383
pdb1HYS,36417,4344765
shipsec1,140874,7813404
eu-2005,862664,19235140
mc2depi,525825,2100225
conf5_4-8x8-10,49152,1916928
DD,334926,1686092
OVCAR-8H,1889543,3946402
Yeast,1710903,3636546
YeastH,3138115,6487230
ddi,4268,2140089
protein,132535,79255038
reddit,232966,114848857
web-BerkStan,685231,7600595